title,company,location,day,link,relative_skills
2021년 각 부문별 경력직 공개,SK디앤디㈜,성남 분당구,1일 전,https://kr.indeed.com/%EC%B1%84%EC%9A%A9%EB%B3%B4%EA%B8%B0?jk=60495f8f583de7aa,java
[kt ds] 2021년 경력사월 수시(1차),케이티디에스,서울 서초구,9일 전,https://kr.indeed.com/%EC%B1%84%EC%9A%A9%EB%B3%B4%EA%B8%B0?jk=75de881534648de6,java
Java 개발자 경력직,호미소프트,안양 만안구,30+일 전,https://kr.indeed.com/%EC%B1%84%EC%9A%A9%EB%B3%B4%EA%B8%B0?jk=cd45a84b244ad253,java
2021년 상반기,인텔리안테크놀로지스,경기도 평택,13일 전,https://kr.indeed.com/%EC%B1%84%EC%9A%A9%EB%B3%B4%EA%B8%B0?jk=1eb2970ad1078f15,java
2021년상반기 전환형 인턴 및 경력(수시),한국야쿠르트,서울 서초구,4일 전,https://kr.indeed.com/%EC%B1%84%EC%9A%A9%EB%B3%B4%EA%B8%B0?jk=b14b7fd88bcf3096,java
2021 토스 전 계열사 대규모,비바리퍼블리카,서울 강남구,18일 전,https://kr.indeed.com/%EC%B1%84%EC%9A%A9%EB%B3%B4%EA%B8%B0?jk=39e99c8ed1d40a8f,java
개발열정 가득한 C# / JAVA 개발자,피어라인,군포 산본동,30+일 전,https://kr.indeed.com/%EC%B1%84%EC%9A%A9%EB%B3%B4%EA%B8%B0?jk=977c34e096023e2a,java
그룹통합 인사시스템 개발/운영 - 우량대기업,에스에프인촌,경기도,1일 전,https://kr.indeed.com/%EC%B1%84%EC%9A%A9%EB%B3%B4%EA%B8%B0?jk=7a63efe5c5e5d590,java
[JAVA/JSP/SPRING] 웹프로그래머 경력 및 신입개발자,엠지엠엘,서울 금천구,10일 전,https://kr.indeed.com/%EC%B1%84%EC%9A%A9%EB%B3%B4%EA%B8%B0?jk=555cac7c84799f39,java
PLC/SCADA/JAVA 엔지니어,에스엔정보기술,안양 동안구,11일 전,https://kr.indeed.com/%EC%B1%84%EC%9A%A9%EB%B3%B4%EA%B8%B0?jk=c398351867c4f3f0,java
시스템프로그래머 신입/경력 정규직,제이엔씨시스템,안양 만안구,15일 전,https://kr.indeed.com/%EC%B1%84%EC%9A%A9%EB%B3%B4%EA%B8%B0?jk=82cf5085482b3b26,java
"[신입/경력] 정규직, 계약직 JAVA 웹 프로그래머, IT 개발자",문테크앤소프트,서울 동작구,30+일 전,https://kr.indeed.com/%EC%B1%84%EC%9A%A9%EB%B3%B4%EA%B8%B0?jk=47a805cc0254581d,java
Java개발 경력자,토니서치,성남 분당구,10일 전,https://kr.indeed.com/%EC%B1%84%EC%9A%A9%EB%B3%B4%EA%B8%B0?jk=79e7ff2fac943c8f,java
"JAVA, JSP 외 경력 정규직",누리어시스템,서울 서초구,5일 전,https://kr.indeed.com/%EC%B1%84%EC%9A%A9%EB%B3%B4%EA%B8%B0?jk=7038122d4b9cd85b,java
[경력] JAVA 개발자,한아이덴티티코리아,서울 금천구,10일 전,https://kr.indeed.com/%EC%B1%84%EC%9A%A9%EB%B3%B4%EA%B8%B0?jk=717f0108513bc4a7,java
[코어뱅킹/금융정보개발] 금융 IT 개발자 - 대규모,한국카카오은행,성남 분당구,30+일 전,https://kr.indeed.com/%EC%B1%84%EC%9A%A9%EB%B3%B4%EA%B8%B0?jk=f35647a1ef8530a1,java
"경력사원 (건축, 기계, 전기, 영업, BIM, 안전, IT, 회계)",한미글로벌,대한민국,2일 전,https://kr.indeed.com/%EC%B1%84%EC%9A%A9%EB%B3%B4%EA%B8%B0?jk=dfe8e04c741e8168,java
자바 Java 경력10년 이상 개발자 프로그래머,스마트컨버전스,수원 영통구,1일 전,https://kr.indeed.com/%EC%B1%84%EC%9A%A9%EB%B3%B4%EA%B8%B0?jk=60c16fae444cf985,java
[(주)이트론] 2021년 상반기 부문별 신입/경력 공개,이트론,서울 강남구,3일 전,https://kr.indeed.com/%EC%B1%84%EC%9A%A9%EB%B3%B4%EA%B8%B0?jk=02c5f05c0810979b,java
[신입] 대기업관공서 JAVA 프로그래머,㈜루트시스템즈,서울,30+일 전,https://kr.indeed.com/%EC%B1%84%EC%9A%A9%EB%B3%B4%EA%B8%B0?jk=589a5fecc99d4d9d,java
서울 공공기관 MIS 경험자 혹은 인사회계 업무 경험자 중고급 JAVA,암펠,서울 강남구,2일 전,https://kr.indeed.com/%EC%B1%84%EC%9A%A9%EB%B3%B4%EA%B8%B0?jk=37eb2e7f38772d98,java
JAVA개발 신입/경력 정규직,실크로드소프트,수원 영통구,26일 전,https://kr.indeed.com/%EC%B1%84%EC%9A%A9%EB%B3%B4%EA%B8%B0?jk=aee052f65e4527f2,java
2021년 IITP 주관 글로벌핵심인재양성 지원사업,정보통신기획평가원,대전 유성구,3일 전,https://kr.indeed.com/%EC%B1%84%EC%9A%A9%EB%B3%B4%EA%B8%B0?jk=efb69a29d8bd7514,java
"HTML·DHTML·mHTML, JAVA 외 신입/경력 정규직",이엘씨소프트,서울 금천구,12일 전,https://kr.indeed.com/%EC%B1%84%EC%9A%A9%EB%B3%B4%EA%B8%B0?jk=580e8ac1ad2a9954,java
2021년 경력사월 수시[JAVA개발-4],케이티디에스,성남 분당구,9일 전,https://kr.indeed.com/%EC%B1%84%EC%9A%A9%EB%B3%B4%EA%B8%B0?jk=b257984ad44c92c8,java
2021년 경력사원 수시[JAVA개발-3],케이티디에스,서울 서초구,9일 전,https://kr.indeed.com/%EC%B1%84%EC%9A%A9%EB%B3%B4%EA%B8%B0?jk=d28d17ec4f7585f0,java
"2021년 2월 경력,계약 (IT개발, 인프라운영, 재경)",롯데홈쇼핑,서울 영등포구,10일 전,https://kr.indeed.com/%EC%B1%84%EC%9A%A9%EB%B3%B4%EA%B8%B0?jk=24f83971d3a525e1,java
"(신입,경력) (소프트웨어개발 업무 담당하실) JAVA 웹 프로그래머",문테크앤소프트,서울 강남구,3일 전,https://kr.indeed.com/%EC%B1%84%EC%9A%A9%EB%B3%B4%EA%B8%B0?jk=7c6a46f9b3b52015,java
소프트웨어 개발자 신입/경력,핸디소프트,안양 동안구,30+일 전,https://kr.indeed.com/%EC%B1%84%EC%9A%A9%EB%B3%B4%EA%B8%B0?jk=78353e688ba8a77c,java
한국보건복지정보개발원 인력,서울특별시,대한민국,30+일 전,https://kr.indeed.com/%EC%B1%84%EC%9A%A9%EB%B3%B4%EA%B8%B0?jk=3dbaa2a79cca59cc,java
[카카오커머스] 기술직군,카카오커머스,성남 분당구,30+일 전,https://kr.indeed.com/%EC%B1%84%EC%9A%A9%EB%B3%B4%EA%B8%B0?jk=52f8fb3f7e662c5d,java
반도체장비 SW개발 경력인재 - 대그룹 우량계열사,에스에프인촌,성남 분당구,2일 전,https://kr.indeed.com/%EC%B1%84%EC%9A%A9%EB%B3%B4%EA%B8%B0?jk=127b93c04abe36de,java
[유안타증권]IT부문 신입/경력 직원,유안타증권,서울 중구,30+일 전,https://kr.indeed.com/%EC%B1%84%EC%9A%A9%EB%B3%B4%EA%B8%B0?jk=144abbe0e251650c,java
[KSTEC] 2021년 경력 사원 (SW개발자),지식시스템,성남 분당구,4일 전,https://kr.indeed.com/%EC%B1%84%EC%9A%A9%EB%B3%B4%EA%B8%B0?jk=8525eb04feb95444,java
"Java, MVC2 외 신입/경력 정규직, 병역특례 가능",호디,서울 마포구,26일 전,https://kr.indeed.com/%EC%B1%84%EC%9A%A9%EB%B3%B4%EA%B8%B0?jk=d7583e173733b9a5,java
IT시스템 구축 인프라 분야 및 JAVA 개발,비진테크놀러지,서울 강남구,7일 전,https://kr.indeed.com/%EC%B1%84%EC%9A%A9%EB%B3%B4%EA%B8%B0?jk=595aa75c276ad003,java
"군인공제회C&C 기간제근로자(신입) -웹프로그래머,JAVA",군인공제회C&C,서울 용산구,1일 전,https://kr.indeed.com/%EC%B1%84%EC%9A%A9%EB%B3%B4%EA%B8%B0?jk=3c9ee933f40ac2a3,java
"시스템 개발자 경력사원 (생산시스템, 웹시스템)",효성첨단소재,대한민국,9일 전,https://kr.indeed.com/%EC%B1%84%EC%9A%A9%EB%B3%B4%EA%B8%B0?jk=eb35d50143388b44,java
2021년 상반기 Oracle/Java·JSP/Ajax/Java 신입,제스트씨엔에스,서울 구로구,5일 전,https://kr.indeed.com/%EC%B1%84%EC%9A%A9%EB%B3%B4%EA%B8%B0?jk=eefb5842eb6d7ce3,java
KB저축은행 IT부문 경력직(정규직) 수시,KB저축은행,서울 송파구,30+일 전,https://kr.indeed.com/%EC%B1%84%EC%9A%A9%EB%B3%B4%EA%B8%B0?jk=ff9bea1a7ddfbe55,java
2021년 (신입) 전문연구요원 모집,NHN,성남 판교역,23일 전,https://kr.indeed.com/%EC%B1%84%EC%9A%A9%EB%B3%B4%EA%B8%B0?jk=9acc17c535b42959,java
채널5코리아 2021년 웹개발팀 경력사원,채널5코리아,서울 구로구,3일 전,https://kr.indeed.com/%EC%B1%84%EC%9A%A9%EB%B3%B4%EA%B8%B0?jk=db23f286d76f331b,java
"웹개발, JAVA 외 경력 정규직, 계약직",오에스씨코리아이카이카,서울 서초구,21일 전,https://kr.indeed.com/%EC%B1%84%EC%9A%A9%EB%B3%B4%EA%B8%B0?jk=957b9bde11462dce,java
2021년 상반기 경력사원 채용 (건축시공/IT/토목영업/기술연구/민간도급/도시정비),태영건설,고양 장항2동,4일 전,https://kr.indeed.com/%EC%B1%84%EC%9A%A9%EB%B3%B4%EA%B8%B0?jk=911d58f4e6d7f434,java
웹개발 경력 정규직,티라유텍,안양 동안구,30+일 전,https://kr.indeed.com/%EC%B1%84%EC%9A%A9%EB%B3%B4%EA%B8%B0?jk=bae1f94a7f298f01,java
"JAVA, 웹개발 외 경력 정규직",에임즈인터내셔널코리아,서울 서초구,30+일 전,https://kr.indeed.com/%EC%B1%84%EC%9A%A9%EB%B3%B4%EA%B8%B0?jk=dd66092952b0cd35,java
경력 서비스/플랫폼 기획자,티맵모빌리티,서울 종로구,10일 전,https://kr.indeed.com/%EC%B1%84%EC%9A%A9%EB%B3%B4%EA%B8%B0?jk=6c35ff5dcec4b2d0,java
한국환경공단 본사 온실가스정보팀 기간제근로자,한국환경공단,대한민국,30+일 전,https://kr.indeed.com/%EC%B1%84%EC%9A%A9%EB%B3%B4%EA%B8%B0?jk=b1ad7179c9cf638a,java
2021년 상반기 JAVA 웹개발자 신입사원 교육(연봉3000만원),중앙에이치티에이,서울 종로구,오늘,https://kr.indeed.com/%EC%B1%84%EC%9A%A9%EB%B3%B4%EA%B8%B0?jk=a3ed3bcbb586624d,java
2021년 상반기 신입사원 공개 (IT/솔루션),코리아크레딧뷰로,서울 종로구,4일 전,https://kr.indeed.com/%EC%B1%84%EC%9A%A9%EB%B3%B4%EA%B8%B0?jk=b1c44db5c7990dc8,java
[금천구] 상담봇 솔루션 기업 Java 개발자 (3년이상),시니어앤파트너즈,서울 금천구,4일 전,https://kr.indeed.com/%EC%B1%84%EC%9A%A9%EB%B3%B4%EA%B8%B0?jk=0830bc51b747bc3a,java
"[정규직] JAVA, JSP, 응용프로그램개발",코어소프트,서울 금천구,18일 전,https://kr.indeed.com/%EC%B1%84%EC%9A%A9%EB%B3%B4%EA%B8%B0?jk=93ac4560dd07ff54,java
"JAVA 개발자 (Spring framework, DB)",비에이블컨설팅그룹,서울 구로구,11일 전,https://kr.indeed.com/%EC%B1%84%EC%9A%A9%EB%B3%B4%EA%B8%B0?jk=f42f5348daafc19b,java
[NICE평가정보] 2021년 상반기 수시,나이스평가정보,대한민국,5일 전,https://kr.indeed.com/%EC%B1%84%EC%9A%A9%EB%B3%B4%EA%B8%B0?jk=56e128e4011f9d01,java
서버 웹 애플리케이션 개발,픽셀로,경기도 의왕,30+일 전,https://kr.indeed.com/%EC%B1%84%EC%9A%A9%EB%B3%B4%EA%B8%B0?jk=314cb11dce58741e,java
".NET,MS-SQL,C#,Java,Windows 정규직 신입/경력채용",대장장이연구소 관심기업,서울 서초동,30+일 전,https://kr.indeed.com/%EC%B1%84%EC%9A%A9%EB%B3%B4%EA%B8%B0?jk=c081203ab95862e2,java
[TmaxGroup/R&D] R&D 개발 연구원 신입/경력 (병역특례포함),티맥스소프트,성남 분당구,6일 전,https://kr.indeed.com/%EC%B1%84%EC%9A%A9%EB%B3%B4%EA%B8%B0?jk=0beeb67d27c9c079,java
"AI개발자, JAVA개발자, ERP컨설턴트 정규직",시너지시스템즈,서울 서초구,30+일 전,https://kr.indeed.com/%EC%B1%84%EC%9A%A9%EB%B3%B4%EA%B8%B0?jk=f6c6ea351bb0f996,java
"응용프로그램 개발 (C#, JAVA) (신입/경력)",비에스엔씨,서울,25일 전,https://kr.indeed.com/%EC%B1%84%EC%9A%A9%EB%B3%B4%EA%B8%B0?jk=dd31b1e46e59190d,java
2021 춘계 SW QA엔지니어 신입 공채,엔테크서비스,성남 분당구,12일 전,https://kr.indeed.com/%EC%B1%84%EC%9A%A9%EB%B3%B4%EA%B8%B0?jk=5303b280c73b8030,java
JAVA개발자 신입 정규직,씨앤아이인포,대전 서구,9일 전,https://kr.indeed.com/%EC%B1%84%EC%9A%A9%EB%B3%B4%EA%B8%B0?jk=398a3f0900f8bbf0,java
JAVA/JSP/Nexacro 운영.유지 (1년),앳시스,수원 영통구,30+일 전,https://kr.indeed.com/%EC%B1%84%EC%9A%A9%EB%B3%B4%EA%B8%B0?jk=6bfb7b464245c4e3,java
JAVA 기반 웹개발자 정규직,에이머쉬,서울 금천구,30+일 전,https://kr.indeed.com/%EC%B1%84%EC%9A%A9%EB%B3%B4%EA%B8%B0?jk=fe5e79a112b1e2cc,java
"JAVA, JAVA 경력 정규직",휴먼아이오티,서울 서초구,5일 전,https://kr.indeed.com/%EC%B1%84%EC%9A%A9%EB%B3%B4%EA%B8%B0?jk=b0d212642bf1e08e,java
[서비스개발/고객플랫폼] 서버 개발자 - 대규모,한국카카오은행,성남 분당구,30+일 전,https://kr.indeed.com/%EC%B1%84%EC%9A%A9%EB%B3%B4%EA%B8%B0?jk=6a0ba5a965fd482b,java
Front end 개발자 (),데브툴즈,안양 동안구,19일 전,https://kr.indeed.com/%EC%B1%84%EC%9A%A9%EB%B3%B4%EA%B8%B0?jk=b16a08072d3e9d93,java
"웹개발, JAVA 경력 정규직",에임즈인터내셔널코리아,서울 서초구,30+일 전,https://kr.indeed.com/%EC%B1%84%EC%9A%A9%EB%B3%B4%EA%B8%B0?jk=12ddc3d68d9cafaa,java
[뉴플랫폼기술] 펀드 서버 개발자,한국카카오은행,성남 분당구,5일 전,https://kr.indeed.com/%EC%B1%84%EC%9A%A9%EB%B3%B4%EA%B8%B0?jk=0142082d75e3b40c,java
sw 개발,토크나우,안양 만안구,9일 전,https://kr.indeed.com/%EC%B1%84%EC%9A%A9%EB%B3%B4%EA%B8%B0?jk=cef70160beceb706,java
[개발자] 꿈 찾아드립니다. 저희와 함께하세요.,ICON,서울,9일 전,https://kr.indeed.com/%EC%B1%84%EC%9A%A9%EB%B3%B4%EA%B8%B0?jk=7e94b666d8fbe2d0,java
AI 분석플랫폼 Java 개발자,제이앤제이글로벌컨설팅,성남 분당구,4일 전,https://kr.indeed.com/%EC%B1%84%EC%9A%A9%EB%B3%B4%EA%B8%B0?jk=6657a8e43d723209,java
"JSP, JAVA, Front/Back End 경력 정규직",옴니시스템,서울 성동구,1일 전,https://kr.indeed.com/%EC%B1%84%EC%9A%A9%EB%B3%B4%EA%B8%B0?jk=d4d7194396a75f85,java
본사 기후변화대응처 기간제근로자,한국환경공단,대한민국,30+일 전,https://kr.indeed.com/%EC%B1%84%EC%9A%A9%EB%B3%B4%EA%B8%B0?jk=88b2552a0c29038b,java
[빅데이터플랫폼] 데이터 엔지니어,한국카카오은행,성남 분당구,4일 전,https://kr.indeed.com/%EC%B1%84%EC%9A%A9%EB%B3%B4%EA%B8%B0?jk=927439a84026234e,java
"감각있는 편집, 웹 디자이너",아이비엘,안양 동안구,12일 전,https://kr.indeed.com/%EC%B1%84%EC%9A%A9%EB%B3%B4%EA%B8%B0?jk=f31a24aea9b22d0f,java
(주)엠앤와이즈 JAVA/웹 개발자 (신입/경력),엠앤와이즈,서울 구로구,30+일 전,https://kr.indeed.com/%EC%B1%84%EC%9A%A9%EB%B3%B4%EA%B8%B0?jk=2743535f3f3e3eef,java
[빅데이터분석] 데이터 사업 기획 및 운영 담당자,한국카카오은행,성남 분당구,5일 전,https://kr.indeed.com/%EC%B1%84%EC%9A%A9%EB%B3%B4%EA%B8%B0?jk=f258bcb2c6f24dc9,java
본사 기후변화대응처 온실가스정보팀 기간제근로자 직원,한국환경공단,대한민국,30+일 전,https://kr.indeed.com/%EC%B1%84%EC%9A%A9%EB%B3%B4%EA%B8%B0?jk=67eec205755fed03,java
SW(모바일앱 및 웹개발) 신입/경력 정규직 개발자,더조인,서울 강남구,30+일 전,https://kr.indeed.com/%EC%B1%84%EC%9A%A9%EB%B3%B4%EA%B8%B0?jk=31c8ae4a133b5147,java
[인턴] 물류 IT전문기업 이앤씨지엘에스,이앤씨지엘에스,성남 분당구,30+일 전,https://kr.indeed.com/%EC%B1%84%EC%9A%A9%EB%B3%B4%EA%B8%B0?jk=8a2f1c0c95d5f4a8,java
2021년 웹 프론트엔드 개발 부문 신입 및 경력사원,컨텍,대전 유성구,6일 전,https://kr.indeed.com/%EC%B1%84%EC%9A%A9%EB%B3%B4%EA%B8%B0?jk=5387dda9d5f9d48f,java
JAVA/C#/JSP/.NET 개발자 정규직 (수원/영통/내일채움공제),모은넷,수원 영통구,25일 전,https://kr.indeed.com/%EC%B1%84%EC%9A%A9%EB%B3%B4%EA%B8%B0?jk=b61a35c7d712b945,java
"JSP,JAVA WEB 솔루션 개발자 - 경력,신입",씨넷테크놀로지,서울 금천구,18일 전,https://kr.indeed.com/%EC%B1%84%EC%9A%A9%EB%B3%B4%EA%B8%B0?jk=ab8b09865bf509de,java
플랫폼 개발 / 운영 백엔드 개발자,에스케이플래닛,성남 분당구,3일 전,https://kr.indeed.com/%EC%B1%84%EC%9A%A9%EB%B3%B4%EA%B8%B0?jk=409b9a01f0b27ace,java
JAVA 개발자,지미디어,성남 분당구,30+일 전,https://kr.indeed.com/%EC%B1%84%EC%9A%A9%EB%B3%B4%EA%B8%B0?jk=104d38fbe4ea2bcd,java
2021년 상반기 Web 및 java 개발자,거룡아이티,고양 덕양구,10일 전,https://kr.indeed.com/%EC%B1%84%EC%9A%A9%EB%B3%B4%EA%B8%B0?jk=3997f1635e19328f,java
전기자동차 응용 소트프웨어 신입/경력 정규직 외 2건,에디슨테크,대전 유성구,10일 전,https://kr.indeed.com/%EC%B1%84%EC%9A%A9%EB%B3%B4%EA%B8%B0?jk=4986ca75972e3107,java
(주)소울매치 안드로이드(JAVA) 개발자,성격지상주의,부산 남구,2일 전,https://kr.indeed.com/%EC%B1%84%EC%9A%A9%EB%B3%B4%EA%B8%B0?jk=2d845a85396826ff,java
MI(Market Intelligence)담당 마케팅 전략 경력사원,LG전자,서울 영등포구,27일 전,https://kr.indeed.com/%EC%B1%84%EC%9A%A9%EB%B3%B4%EA%B8%B0?jk=54e0d08c99dcf507,java
"C·C++, JAVA 신입/경력 SM프로그래머",이포즌,경기도 이천,2일 전,https://kr.indeed.com/%EC%B1%84%EC%9A%A9%EB%B3%B4%EA%B8%B0?jk=d0b4b2a2a3ac13e2,java
"서울 금융권 플랫폼 안드로이드 개발자 고급 java, kotlin 필수",암펠,서울 중구,2일 전,https://kr.indeed.com/%EC%B1%84%EC%9A%A9%EB%B3%B4%EA%B8%B0?jk=9a57c89189337f6a,java
현대무벡스 경력사원 상시,현대무벡스,서울 종로구,30+일 전,https://kr.indeed.com/%EC%B1%84%EC%9A%A9%EB%B3%B4%EA%B8%B0?jk=d4c52ba1a491a8b9,java
JAVA 시스템 및 웹 개발자 채용 (SI/SM 분야),디지털원(주) 관심기업,서울 가산동,30+일 전,https://kr.indeed.com/%EC%B1%84%EC%9A%A9%EB%B3%B4%EA%B8%B0?jk=ee9aa7ba81dacc97,java
금융사 IT 운영인력 채용,한화그룹,서울,6일 전,https://kr.indeed.com/%EC%B1%84%EC%9A%A9%EB%B3%B4%EA%B8%B0?jk=390df8f1882b5ee3,java
[서울형 강소기업 청년인턴제] [서울] JAVA 개발자,넥시큐어시스템테크놀로지,서울 영등포구,10일 전,https://kr.indeed.com/%EC%B1%84%EC%9A%A9%EB%B3%B4%EA%B8%B0?jk=b256ed6004991dc5,java
"(신입,경력)JAVA/JSP/전자정부 개발자",리버스아이티,서울 영등포구,3일 전,https://kr.indeed.com/%EC%B1%84%EC%9A%A9%EB%B3%B4%EA%B8%B0?jk=5ce3dc5dd3f09dd7,java
Java/Javascript 개발자,인포지아,수원 영통구,11일 전,https://kr.indeed.com/%EC%B1%84%EC%9A%A9%EB%B3%B4%EA%B8%B0?jk=d290034e024318c1,java
"JAVA, iOS 외 경력 정규직",브라이트컨설팅,서울 강남구,오늘,https://kr.indeed.com/%EC%B1%84%EC%9A%A9%EB%B3%B4%EA%B8%B0?jk=1da7dce55cb4dd72,java
1분기 개발자 (신입/경력),이스트게임즈,서울 서초구,30+일 전,https://kr.indeed.com/%EC%B1%84%EC%9A%A9%EB%B3%B4%EA%B8%B0?jk=6bfec9fa5d0c15f5,java
클라우드 아키텍트,Nexon,성남 분당구,17일 전,https://kr.indeed.com/%EC%B1%84%EC%9A%A9%EB%B3%B4%EA%B8%B0?jk=5dff558bea05fb35,java
Java Software Engineer - Helix Payments,"JPMorgan Chase Bank, N.A.","London, UK",17h ago,https://stackoverflow.com/jobs/498847,"java, spring, amazon-web-services"
Software Engineer - Backend Developer Java,"JPMorgan Chase Bank, N.A.","Bengaluru, India",2d ago,https://stackoverflow.com/jobs/498031,"java, spring, javascript"
Software Engineer (Java),Nexthink,"Prilly, Switzerland",3d ago,https://stackoverflow.com/jobs/471147,"java, scala, microservices, docker, reactjs"
Full-Stack Web Developer Java,WPS Management GmbH,"Paderborn, Deutschland",11d ago,https://stackoverflow.com/jobs/125395,"vue.js, spring-boot, java, javascript, reactjs"
Java Software Engineering for Trading Systems,"JPMorgan Chase Bank, N.A.","Chicago, IL",5d ago,https://stackoverflow.com/jobs/496457,"reactjs, java, javascript"
Full-Stack Senior Software Engineer - Java,"JPMorgan Chase Bank, N.A.","Jersey City, NJ",5d ago,https://stackoverflow.com/jobs/496419,"java, reactjs, spring"
Java Full Stack Software Engineer,"JPMorgan Chase Bank, N.A.","Houston, TX",5d ago,https://stackoverflow.com/jobs/496452,"java, java-ee, javascript"
Java Developer - Software Engineering,"JPMorgan Chase Bank, N.A.","Bournemouth, UK",17d ago,https://stackoverflow.com/jobs/488705,"java, spring, hibernate"
"Software Engineer (Java, Kafka)",Nexthink,"Prilly, Switzerland",24d ago,https://stackoverflow.com/jobs/471146,"java, microservices, apache-kafka-streams"
"Full-Stack Engineer - Microservices, Java, Svelte",Navigating Cancer,"Seattle, WA",16d ago,https://stackoverflow.com/jobs/490135,"microservices, java, svelte"
Software Engineer JAVA (m/w/d),EWERK Group,"Leipzig, Deutschland",12d ago,https://stackoverflow.com/jobs/477066,"java, spring, hibernate, core-media, open-source"
Full Stack Java Software Engineer,"JPMorgan Chase Bank, N.A.","Chicago, IL",5h ago,https://stackoverflow.com/jobs/499106,"java, spring, spring-mvc"
Software Engineering - Java Full Stack,"JPMorgan Chase Bank, N.A.","Hyderabad, India",5h ago,https://stackoverflow.com/jobs/499138,"java, spring, reactjs"
Java Developer,Xactware,"Lehi, UT",9d ago,https://stackoverflow.com/jobs/293750,"java, spring, mongodb, sql, javascript"
Java Developer,Vegas.com,"Las Vegas, NV",19d ago,https://stackoverflow.com/jobs/161785,"java, spring-boot, hibernate, docker, openshift"
Full Stack Software Engineer - Java/Spring,"JPMorgan Chase Bank, N.A.","Columbus, OH",4d ago,https://stackoverflow.com/jobs/496902,"spring, spring-mvc, reactjs"
Senior Java Engineer,AUTO1,"Katowice, Poland",18d ago,https://stackoverflow.com/jobs/164403,"java, spring, spring-boot, microservices, amazon-web-services"
Senior Software Engineer Java - Cloud (m/w/d),Kiwigrid GmbH,"Dresden, Deutschland",27d ago,https://stackoverflow.com/jobs/422933,"java, rest, spring-boot, docker, kubernetes"
Sr. Java Software Engineer - Pet Health Technology,"Chewy, Inc.","Dania Beach, FL",15d ago,https://stackoverflow.com/jobs/475350,"java, amazon-web-services, microservices"
"Junior Software Engineer (Kotlin, Java)",Edgelab,"Lausanne, Switzerland",24d ago,https://stackoverflow.com/jobs/471151,"java, spring, kotlin, project-reactor, cassandra"
Java Entwickler*in (m/w/d),GFT Deutschland,"Eschborn, Deutschland",23d ago,https://stackoverflow.com/jobs/393531,"java, reactjs, microservices, redux, javascript"
Java Software Engineer,"JPMorgan Chase Bank, N.A.","Plano, TX",17h ago,https://stackoverflow.com/jobs/498804,java
Senior Backend Developer (Java/AWS),Sytac IT Consulting,"Amsterdam, Netherlands",9d ago,https://stackoverflow.com/jobs/197871,"java, spring, rest, scala, microservices"
Senior Java Developer - Freelancer,Mercateo Group,No office location,11d ago,https://stackoverflow.com/jobs/493195,"java, spring-boot, microservices, rest, tdd"
Software Engineering - AWS & Java,"JPMorgan Chase Bank, N.A.","Hyderabad, India",17h ago,https://stackoverflow.com/jobs/498738,"amazon-web-services, java, agile"
"Software Engineering - Java,BigData- Bangalore","JPMorgan Chase Bank, N.A.","Bengaluru, India",17h ago,https://stackoverflow.com/jobs/498780,"java, hadoop, apache-spark"
Senior React / Java Software Engineer,"JPMorgan Chase Bank, N.A.","New York, NY",17h ago,https://stackoverflow.com/jobs/498896,"reactjs, java, python"
Software Engineering - Java - Bangalore,"JPMorgan Chase Bank, N.A.","Bengaluru, India",2d ago,https://stackoverflow.com/jobs/497971,"java, reactjs, design"
Software Engineering - Full stack Java Developer,"JPMorgan Chase Bank, N.A.","Bengaluru, India",2d ago,https://stackoverflow.com/jobs/497946,"java, spring, spring-mvc"
Senior Java Developer,BUX,"Amsterdam, Netherlands",11d ago,https://stackoverflow.com/jobs/492920,"java, spring, spring-kafka, kubernetes, google-cloud-platform"
Software Engineering - Senior Full Stack Developer (Java/JS) | Bangalore,"JPMorgan Chase Bank, N.A.","Bengaluru, India",9d ago,https://stackoverflow.com/jobs/494666,"java, reactjs, spring"
Java-Software-Entwickler,macmon secure GmbH,"Berlin, Deutschland",18d ago,https://stackoverflow.com/jobs/451864,"java, spring, hibernate, multithreading, performance"
Team Lead Java Engineer,AUTO1,"Katowice, Poland",18d ago,https://stackoverflow.com/jobs/473450,"java, spring, amazon-web-services, microservices"
Java-Entwickler (m/w/d) Investment Solutions,ING Deutschland,"Frankfurt am Main, Deutschland",9d ago,https://stackoverflow.com/jobs/478803,"java, jakarta-ee, spring, spring-boot, microservices"
Full Stack Java Software Engineer - Wholesale Payments,"JPMorgan Chase Bank, N.A.","London, UK",8d ago,https://stackoverflow.com/jobs/494906,"java, java-ee, spring"
Software Engineering - Full Stack developer (JAVA / Angular),"JPMorgan Chase Bank, N.A.","Hyderabad, India",2d ago,https://stackoverflow.com/jobs/498058,"cucumber, angularjs, selenium"
"Software Engineering - Java, UI - Mumbai","JPMorgan Chase Bank, N.A.","Mumbai, India",4d ago,https://stackoverflow.com/jobs/496899,"java, reactjs, spring"
Java Software Engineer,"JPMorgan Chase Bank, N.A.","New York, NY",17d ago,https://stackoverflow.com/jobs/489500,"java, spring, spring-mvc"
Software Engineering - Java/Spring Boot/Kuberntes,"JPMorgan Chase Bank, N.A.","Hyderabad, India",6d ago,https://stackoverflow.com/jobs/495932,"java, spring, spring-mvc"
Software Engineering - Core Java - Bengaluru,"JPMorgan Chase Bank, N.A.","Bengaluru, India",7d ago,https://stackoverflow.com/jobs/495352,"java, spring, spring-mvc"
Team Lead Java Engineer,AUTO1,"Szczecin, Poland",18d ago,https://stackoverflow.com/jobs/473452,"java, spring, spring-mvc, microservices"
Senior Software Engineer - Modern Java Stack,"JPMorgan Chase Bank, N.A.","Bengaluru, India",3d ago,https://stackoverflow.com/jobs/497515,"java, spring, spring-mvc"
Software Engineering - Java Developer,"JPMorgan Chase Bank, N.A.","Buenos Aires, Argentina",3d ago,https://stackoverflow.com/jobs/497483,java
Java Full Stack Developer- Bangalore,"JPMorgan Chase Bank, N.A.","Bengaluru, India",5h ago,https://stackoverflow.com/jobs/499040,"java, spring, javascript"
Java Developer Software Engineering,"JPMorgan Chase Bank, N.A.","Plano, TX",4d ago,https://stackoverflow.com/jobs/496877,"java, agile, sql"
Java Developer Software Engineering,"JPMorgan Chase Bank, N.A.","Plano, TX",4d ago,https://stackoverflow.com/jobs/496875,"java, agile, sql"
Software Developer - Java/Spring/React - North or South America (Remote),Dotsub,No office location,6d ago,https://stackoverflow.com/jobs/496252,"java, reactjs, spring"
"Software Engineer - Lead, Java/Fullstack","JPMorgan Chase Bank, N.A.","Jersey City, NJ",5d ago,https://stackoverflow.com/jobs/496480,"java, design, spring"
"Senior Software Developer (Java, Full Stack)",Nominet,"Oxford, UK",5d ago,https://stackoverflow.com/jobs/460982,"java, spring, javascript, angular, hibernate"
Software Engineering - Java AWS,"JPMorgan Chase Bank, N.A.","Bengaluru, India",17d ago,https://stackoverflow.com/jobs/489491,"spring, java, spring-mvc"
